<?xml version="1.0" encoding="UTF-8"?>
<project-private xmlns="http://www.netbeans.org/ns/project-private/1">
    <editor-bookmarks xmlns="http://www.netbeans.org/ns/editor-bookmarks/2" lastBookmarkId="0"/>
    <open-files xmlns="http://www.netbeans.org/ns/projectui-open-files/2">
        <group>
            <file>file:/C:/Users/maxim.p/Desktop/server_for_app/ServerRedWeb/src/serverredweb/DatabaseHandler.java</file>
            <file>file:/C:/Users/maxim.p/Desktop/server_for_app/ServerRedWeb/src/serverredweb/RedWebDB.java</file>
            <file>file:/C:/Users/maxim.p/Desktop/server_for_app/ServerRedWeb/src/serverredweb/Parent.java</file>
            <file>file:/C:/Users/maxim.p/Desktop/server_for_app/ServerRedWeb/src/serverredweb/ClientThread.java</file>
            <file>file:/C:/Users/maxim.p/Desktop/server_for_app/ServerRedWeb/src/serverredweb/DatabaseController.java</file>
            <file>file:/C:/Users/maxim.p/Desktop/server_for_app/ServerRedWeb/src/serverredweb/ServerGUI.java</file>
            <file>file:/C:/Users/maxim.p/Desktop/server_for_app/ServerRedWeb/src/serverredweb/ServerRedWeb.java</file>
        </group>
    </open-files>
</project-private>
